name,avg_base_load_kw,critical_fraction,pv_peak_kw,generator_p_max_kw,generator_cost_c,battery_capacity_kwh,pcc_import_limit_kw
BUS1_MG,4.629,0.38,0.785,271.0,0.18422,60.0,101.5
BUS2_MG,21.266,0.415,4.226,92.0,0.52182,60.0,196.0
BUS5_MG,92.316,0.45,15.661,0.0,0.45,60.0,94.85
BUS7_MG,22.344,0.485,4.765,25.0,0.45,60.0,93.45
BUS8_MG,29.4,0.52,4.56,0.0,0.45,60.0,100.8
BUS12_MG,10.976,0.555,2.5,25.0,0.45,60.0,144.55
BUS21_MG,17.15,0.38,3.408,25.0,0.45,60.0,80.0
BUS30_MG,10.388,0.415,1.762,25.0,0.45,60.0,80.0
