method_name,expected_operating_cost,risk_adjusted_cost,critical_load_served_fraction,energy_not_served_kwh,feasibility_rate,median_runtime_seconds
SLSQPDispatchOptimizer,3038.4924793216655,3857.4456115009425,0.9999900236045974,0.1887737390484685,0.25,0.1399352087173611
CMPO-local polynomial search,3052.610553444782,3886.37540763603,1.0,61.75146625655299,1.0,0.2244306250941008
GreedyCriticalLoadFirst,3052.610553444782,3886.37540763603,1.0,116.00399999999988,1.0,0.0
