scenario,critical_load_served_fraction,energy_not_served_kwh,critical_energy_not_served_kwh,feasibility_rate
combined_high_stress,0.732552759900093,45974.78266875112,16796.180814332714,1.0
storm_forced_islanding,0.8902764672604689,25448.697175550835,6248.71056195786,1.0
restoration,0.8797515166395957,11758.01381380536,5725.863842576206,0.625
pcc_failure,0.8980559055771056,11670.347077030276,5163.112647097421,0.75
local_generator_failure,0.9045451857031459,10572.524630025553,4790.234329717003,0.75
normal,0.9348770836671825,8832.475101209378,3141.7274700808953,0.625
demand_surge,0.9537773113813149,8548.57576216011,2723.499538289442,0.5
renewable_shortfall,0.9282345694020261,8417.542292381953,3530.9441268659266,0.5
