method,expected operating cost,risk-adjusted cost,critical-load served fraction,energy not served,feasibility rate,median runtime
DifferentialEvolutionOptimizer,15437.725804099324,17862.617513451944,0.6507277628326334,79683.26056809226,1.0,0.2561196044553071
SLSQPDispatchOptimizer,26871.68541261937,32694.169840715236,0.9667889036758726,14134.602511940348,0.4375,1.183081875089556
CMPO-local polynomial search,41792.65969600027,47867.839770696606,0.9773427707225368,16009.39024017372,0.4375,1.741788145620376
GreedyCriticalLoadFirst,41795.75761022526,47871.58205669603,0.9661759625344236,21395.70520070824,1.0,0.0
