method_name,expected_operating_cost,best_cost_by_method,median_cost_by_method,risk_adjusted_cost,total_upgrade_cost,critical_load_served_fraction,noncritical_load_served_fraction,energy_not_served_kwh,critical_energy_not_served_kwh,max_fraction_customers_unserved_per_hour,total_hours_critical_infrastructure_unserved,feasibility_rate,median_runtime_seconds,time_to_good_solution,scenario_scaling_runtime,scenario_scaling_cost_degradation,variable_count_per_hamiltonian,term_count_per_hamiltonian,model_degree,scenario_count
DifferentialEvolutionOptimizer,15437.725804099324,4690.258268592054,7513.587432652985,17862.617513451944,0.0,0.6507277628326334,0.5858264714138584,79683.26056809226,36864.39248000775,0.376159590173393,96,1.0,0.2561196044553071,0.24998954171314836,0.2561196044553071,0.35320315698748306,198.0,1232.0,3,8
SLSQPDispatchOptimizer,26871.68541261937,3374.9424026824395,18502.81990141543,32694.169840715236,0.0,0.9667889036758726,0.9168494093412569,14134.602511940348,4170.433765618481,0.3093552223786047,72,0.4375,1.183081875089556,0.07643170794472098,1.183081875089556,1.799581756243621,198.0,1232.0,3,8
CMPO-local polynomial search,41792.65969600027,10128.503730605227,20126.3775197618,47867.839770696606,0.0,0.9773427707225367,0.8858892405977219,16009.39024017372,2845.966888537644,0.25946895743960935,12,0.4375,1.7417881456203759,1.7194537911564112,1.7417881456203759,2.4509406494704686,198.0,1232.0,3,8
GreedyCriticalLoadFirst,41795.75761022526,10128.503730605227,20127.15639984276,47871.58205669603,0.0,0.9661759625344235,0.8495694537895486,21395.705200708242,4239.480196753595,0.30985161081064755,24,1.0,0.0,0.0,0.0,2.4513265142814156,198.0,1232.0,3,8
