method_name,expected_operating_cost,best_cost_by_method,median_cost_by_method,risk_adjusted_cost,total_upgrade_cost,critical_load_served_fraction,noncritical_load_served_fraction,energy_not_served_kwh,critical_energy_not_served_kwh,max_fraction_customers_unserved_per_hour,total_hours_critical_infrastructure_unserved,feasibility_rate,median_runtime_seconds,time_to_good_solution,scenario_scaling_runtime,scenario_scaling_cost_degradation,variable_count_per_hamiltonian,term_count_per_hamiltonian,model_degree,scenario_count
SLSQPDispatchOptimizer,3038.4924793216655,1819.7101982949869,2168.5215273767235,3857.4456115009425,0.0,0.9999900236045974,0.9999995910794588,0.18877373904846853,0.1792872850536224,2.1315144524326146e-05,6,0.25,0.1399352087173611,0.0648947088047862,0.1399352087173611,0.1193923706126846,198.0,1224.0,3,4
CMPO-local polynomial search,3052.610553444782,1822.1444338668095,2176.640676440255,3886.37540763603,0.0,1.0,0.997338157859643,61.75146625655299,0.0,0.0069725875774994586,0,1.0,0.22443062509410083,0.22222295869141817,0.22443062509410083,0.12329053421988467,198.0,1224.0,3,4
GreedyCriticalLoadFirst,3052.610553444782,1822.1444338668095,2176.640676440255,3886.37540763603,0.0,1.0,0.9949995626926962,116.00399999999988,0.0,0.013098442812350427,0,1.0,0.0,0.0,0.0,0.12329053421988467,198.0,1224.0,3,4
